feature,importance
delivery_time_days,0.16309813113728222
customer_age,0.1393307226298124
price,0.09729356657707179
marketing_channel_Email,0.09465554520931137
category_Electronics,0.08877919086729166
category_Stationery,0.08570416052169763
stock_code_21591,0.08534404664453171
category_Home Decor,0.08343944273800001
stock_code_22694,0.07211415284652348
quantity,0.06050581340349373
subcategory_Frames,0.029735227424933144
customer_segment_VIP,2.8227729019493395e-14
marketing_channel_Referral,2.258218321559472e-14
stock_code_20719,0.0
stock_code_20723,0.0
stock_code_20724,0.0
stock_code_20725,0.0
stock_code_20726,0.0
stock_code_20727,0.0
stock_code_20728,0.0
stock_code_20751,0.0
payment_method_PayPal,0.0
stock_code_20846,0.0
stock_code_20914,0.0
stock_code_20956,0.0
stock_code_20969,0.0
stock_code_20970,0.0
stock_code_20972,0.0
stock_code_20974,0.0
stock_code_20978,0.0
stock_code_20979,0.0
stock_code_20981,0.0
stock_code_21034,0.0
stock_code_21041,0.0
stock_code_21080,0.0
stock_code_21098,0.0
stock_code_21107,0.0
stock_code_21114,0.0
stock_code_21115,0.0
stock_code_21121,0.0
stock_code_21122,0.0
stock_code_21137,0.0
stock_code_21143,0.0
stock_code_21146,0.0
stock_code_21156,0.0
stock_code_21164,0.0
stock_code_21165,0.0
stock_code_21166,0.0
stock_code_21169,0.0
stock_code_21172,0.0
stock_code_21174,0.0
stock_code_21175,0.0
stock_code_21181,0.0
stock_code_21186,0.0
stock_code_21191,0.0
stock_code_21192,0.0
stock_code_21210,0.0
stock_code_21212,0.0
stock_code_21213,0.0
stock_code_21216,0.0
stock_code_21217,0.0
stock_code_21224,0.0
stock_code_21231,0.0
stock_code_21232,0.0
stock_code_21239,0.0
stock_code_21258,0.0
stock_code_21314,0.0
stock_code_21333,0.0
stock_code_21349,0.0
stock_code_21351,0.0
stock_code_21360,0.0
stock_code_21364,0.0
stock_code_21385,0.0
stock_code_21429,0.0
stock_code_21430,0.0
stock_code_21479,0.0
stock_code_21481,0.0
stock_code_21484,0.0
stock_code_21485,0.0
stock_code_21486,0.0
stock_code_21488,0.0
stock_code_21506,0.0
stock_code_21523,0.0
stock_code_21524,0.0
stock_code_21527,0.0
stock_code_21531,0.0
stock_code_21533,0.0
stock_code_21535,0.0
stock_code_21556,0.0
stock_code_21584,0.0
stock_code_21587,0.0
stock_code_21611,0.0
stock_code_21623,0.0
stock_code_21625,0.0
stock_code_21658,0.0
stock_code_21668,0.0
stock_code_21669,0.0
stock_code_21670,0.0
stock_code_21671,0.0
stock_code_21672,0.0
stock_code_21673,0.0
stock_code_21677,0.0
stock_code_21703,0.0
stock_code_21704,0.0
stock_code_21715,0.0
stock_code_21730,0.0
stock_code_21731,0.0
stock_code_21733,0.0
stock_code_21742,0.0
stock_code_21754,0.0
stock_code_21755,0.0
stock_code_21777,0.0
stock_code_21790,0.0
stock_code_21791,0.0
stock_code_21804,0.0
stock_code_21808,0.0
stock_code_21811,0.0
stock_code_21815,0.0
stock_code_21823,0.0
stock_code_21824,0.0
stock_code_21825,0.0
stock_code_21832,0.0
stock_code_21833,0.0
stock_code_21846,0.0
stock_code_21849,0.0
stock_code_21864,0.0
stock_code_21867,0.0
stock_code_21868,0.0
stock_code_21871,0.0
stock_code_21889,0.0
stock_code_21890,0.0
stock_code_21891,0.0
stock_code_21892,0.0
stock_code_21903,0.0
stock_code_21911,0.0
stock_code_21914,0.0
stock_code_21916,0.0
stock_code_21918,0.0
stock_code_21928,0.0
stock_code_21929,0.0
stock_code_21930,0.0
stock_code_21931,0.0
stock_code_21967,0.0
stock_code_21974,0.0
stock_code_21975,0.0
stock_code_21976,0.0
stock_code_21977,0.0
stock_code_21980,0.0
stock_code_21986,0.0
stock_code_21989,0.0
stock_code_21991,0.0
stock_code_21993,0.0
stock_code_22029,0.0
stock_code_22034,0.0
stock_code_22037,0.0
stock_code_22042,0.0
stock_code_22045,0.0
stock_code_22049,0.0
stock_code_22065,0.0
stock_code_22070,0.0
stock_code_22071,0.0
stock_code_22072,0.0
stock_code_22077,0.0
stock_code_22082,0.0
stock_code_22083,0.0
stock_code_22086,0.0
stock_code_22088,0.0
stock_code_22090,0.0
stock_code_22093,0.0
stock_code_22097,0.0
stock_code_22099,0.0
stock_code_22109,0.0
stock_code_22110,0.0
stock_code_22111,0.0
stock_code_22112,0.0
stock_code_22113,0.0
stock_code_22114,0.0
stock_code_22118,0.0
stock_code_22119,0.0
stock_code_22121,0.0
stock_code_22130,0.0
stock_code_22138,0.0
stock_code_22139,0.0
stock_code_22145,0.0
stock_code_22149,0.0
stock_code_22151,0.0
stock_code_22154,0.0
stock_code_22156,0.0
stock_code_22158,0.0
stock_code_22173,0.0
stock_code_22178,0.0
stock_code_22180,0.0
stock_code_22186,0.0
stock_code_22187,0.0
stock_code_22189,0.0
stock_code_22196,0.0
stock_code_22197,0.0
stock_code_22198,0.0
stock_code_22243,0.0
stock_code_22271,0.0
stock_code_22294,0.0
stock_code_22296,0.0
stock_code_22297,0.0
stock_code_22300,0.0
stock_code_22301,0.0
stock_code_22318,0.0
stock_code_22321,0.0
stock_code_22326,0.0
stock_code_22328,0.0
stock_code_22348,0.0
stock_code_22355,0.0
stock_code_22356,0.0
stock_code_22357,0.0
stock_code_22358,0.0
stock_code_22366,0.0
stock_code_22367,0.0
stock_code_22371,0.0
stock_code_22372,0.0
stock_code_22378,0.0
stock_code_22379,0.0
stock_code_22381,0.0
stock_code_22382,0.0
stock_code_22383,0.0
stock_code_22384,0.0
stock_code_22385,0.0
stock_code_22411,0.0
stock_code_22417,0.0
stock_code_22418,0.0
stock_code_22419,0.0
stock_code_22421,0.0
stock_code_22423,0.0
stock_code_22444,0.0
stock_code_22449,0.0
stock_code_22451,0.0
stock_code_22456,0.0
stock_code_22457,0.0
stock_code_22467,0.0
stock_code_22470,0.0
stock_code_22488,0.0
stock_code_22489,0.0
stock_code_22491,0.0
stock_code_22492,0.0
stock_code_22496,0.0
stock_code_22502,0.0
stock_code_22505,0.0
stock_code_22531,0.0
stock_code_22534,0.0
stock_code_22548,0.0
stock_code_22549,0.0
stock_code_22551,0.0
stock_code_22553,0.0
stock_code_22555,0.0
stock_code_22556,0.0
stock_code_22557,0.0
stock_code_22561,0.0
stock_code_22566,0.0
stock_code_22567,0.0
stock_code_22569,0.0
stock_code_22571,0.0
stock_code_22575,0.0
stock_code_22576,0.0
stock_code_22577,0.0
stock_code_22578,0.0
stock_code_22579,0.0
stock_code_22580,0.0
stock_code_22581,0.0
stock_code_22585,0.0
stock_code_22588,0.0
stock_code_22589,0.0
stock_code_22591,0.0
stock_code_22592,0.0
stock_code_22593,0.0
stock_code_22594,0.0
stock_code_22595,0.0
stock_code_22597,0.0
stock_code_22598,0.0
stock_code_22599,0.0
stock_code_22600,0.0
stock_code_22601,0.0
stock_code_22602,0.0
stock_code_22603,0.0
stock_code_22614,0.0
stock_code_22617,0.0
stock_code_22618,0.0
stock_code_22619,0.0
stock_code_22620,0.0
stock_code_22622,0.0
stock_code_22623,0.0
stock_code_22624,0.0
stock_code_22630,0.0
stock_code_22632,0.0
stock_code_22633,0.0
stock_code_22634,0.0
stock_code_22637,0.0
stock_code_22644,0.0
stock_code_22645,0.0
stock_code_22646,0.0
stock_code_22649,0.0
stock_code_22650,0.0
stock_code_22652,0.0
stock_code_22654,0.0
stock_code_22661,0.0
stock_code_22662,0.0
stock_code_22665,0.0
stock_code_22666,0.0
stock_code_22667,0.0
stock_code_22669,0.0
stock_code_22670,0.0
stock_code_22676,0.0
stock_code_22690,0.0
stock_code_22692,0.0
stock_code_20754,0.0
stock_code_22697,0.0
stock_code_22698,0.0
stock_code_22704,0.0
stock_code_22726,0.0
stock_code_22727,0.0
stock_code_22728,0.0
stock_code_22729,0.0
stock_code_22734,0.0
stock_code_22737,0.0
stock_code_22739,0.0
stock_code_22740,0.0
stock_code_22743,0.0
stock_code_22744,0.0
stock_code_22745,0.0
stock_code_22746,0.0
stock_code_22747,0.0
stock_code_22748,0.0
stock_code_22749,0.0
stock_code_22750,0.0
stock_code_22752,0.0
stock_code_22753,0.0
stock_code_22754,0.0
stock_code_22755,0.0
stock_code_22758,0.0
stock_code_22766,0.0
stock_code_22771,0.0
stock_code_22772,0.0
stock_code_22773,0.0
stock_code_22774,0.0
stock_code_22775,0.0
stock_code_22776,0.0
stock_code_22779,0.0
stock_code_22780,0.0
stock_code_22784,0.0
stock_code_22789,0.0
stock_code_22791,0.0
stock_code_22792,0.0
stock_code_22795,0.0
stock_code_22797,0.0
stock_code_22798,0.0
stock_code_22800,0.0
stock_code_22801,0.0
stock_code_22804,0.0
stock_code_22805,0.0
stock_code_22807,0.0
stock_code_22809,0.0
stock_code_22810,0.0
stock_code_22812,0.0
stock_code_22818,0.0
stock_code_22834,0.0
stock_code_22835,0.0
stock_code_22837,0.0
stock_code_22838,0.0
stock_code_22839,0.0
stock_code_22840,0.0
stock_code_22842,0.0
stock_code_22844,0.0
stock_code_22846,0.0
stock_code_22847,0.0
stock_code_22855,0.0
stock_code_22862,0.0
stock_code_22865,0.0
stock_code_22866,0.0
stock_code_22867,0.0
stock_code_22890,0.0
stock_code_22892,0.0
stock_code_22900,0.0
stock_code_22907,0.0
stock_code_22909,0.0
stock_code_22910,0.0
stock_code_22938,0.0
stock_code_22940,0.0
stock_code_22941,0.0
stock_code_22942,0.0
stock_code_22943,0.0
stock_code_22952,0.0
stock_code_22959,0.0
stock_code_22983,0.0
stock_code_35400,0.0
stock_code_35832,0.0
stock_code_35961,0.0
stock_code_35970,0.0
stock_code_35971,0.0
stock_code_47559B,0.0
stock_code_47566,0.0
stock_code_47566B,0.0
stock_code_47567B,0.0
stock_code_47580,0.0
stock_code_47591D,0.0
stock_code_47599A,0.0
stock_code_48111,0.0
stock_code_48116,0.0
stock_code_48129,0.0
stock_code_48138,0.0
stock_code_48184,0.0
stock_code_48187,0.0
stock_code_48188,0.0
stock_code_48194,0.0
stock_code_71053,0.0
stock_code_71477,0.0
stock_code_72586,0.0
stock_code_72741,0.0
stock_code_72800E,0.0
stock_code_72802C,0.0
stock_code_79067,0.0
stock_code_79321,0.0
stock_code_82482,0.0
stock_code_82483,0.0
stock_code_82484,0.0
stock_code_82486,0.0
stock_code_82494L,0.0
stock_code_82580,0.0
stock_code_82581,0.0
stock_code_82600,0.0
stock_code_84029E,0.0
stock_code_84029G,0.0
stock_code_84030E,0.0
stock_code_84032A,0.0
stock_code_84032B,0.0
stock_code_84077,0.0
stock_code_84270,0.0
stock_code_84341B,0.0
stock_code_84347,0.0
stock_code_84352,0.0
stock_code_84378,0.0
stock_code_84380,0.0
stock_code_84406B,0.0
stock_code_84520B,0.0
stock_code_84670,0.0
stock_code_84754,0.0
stock_code_84755,0.0
stock_code_84832,0.0
stock_code_84836,0.0
stock_code_84879,0.0
stock_code_84945,0.0
stock_code_84946,0.0
stock_code_84947,0.0
stock_code_84949,0.0
stock_code_84970L,0.0
stock_code_84971S,0.0
stock_code_84978,0.0
stock_code_84988,0.0
stock_code_84991,0.0
stock_code_84992,0.0
stock_code_84997A,0.0
stock_code_84997B,0.0
stock_code_84997C,0.0
stock_code_84997D,0.0
stock_code_85014A,0.0
stock_code_85014B,0.0
stock_code_85039A,0.0
stock_code_85047,0.0
stock_code_85048,0.0
stock_code_85049A,0.0
stock_code_85064,0.0
stock_code_85066,0.0
stock_code_85068,0.0
stock_code_85084,0.0
stock_code_85099B,0.0
stock_code_85099C,0.0
stock_code_85099F,0.0
stock_code_85123A,0.0
stock_code_85130D,0.0
stock_code_85132A,0.0
stock_code_85132B,0.0
stock_code_85150,0.0
stock_code_85152,0.0
stock_code_85226A,0.0
stock_code_85227,0.0
stock_code_85232B,0.0
stock_code_Other,0.0
stock_code_POST,0.0
country_Australia,0.0
country_Bahrain,0.0
country_Canada,0.0
country_France,0.0
country_Germany,0.0
country_Ireland,0.0
country_Italy,0.0
country_Netherlands,0.0
country_Sweden,0.0
country_Switzerland,0.0
country_United Arab Emirates,0.0
country_United Kingdom,0.0
gender_Female,0.0
gender_Male,0.0
customer_segment_Missing,0.0
customer_segment_New,0.0
customer_segment_Regular,0.0
stock_code_10133,0.0
marketing_channel_Ads,0.0
subcategory_Decor,0.0
marketing_channel_Organic,0.0
subcategory_Cables,0.0
category_Clothing,0.0
stock_code_15036,0.0
stock_code_20668,0.0
category_Kitchen,0.0
stock_code_20681,0.0
category_Toys,0.0
subcategory_Accessories,0.0
subcategory_Appliances,0.0
subcategory_Art,0.0
subcategory_Books,0.0
stock_code_20682,0.0
stock_code_20685,0.0
stock_code_20712,0.0
subcategory_Gadgets,0.0
subcategory_Kids,0.0
subcategory_Lights,0.0
subcategory_Men,0.0
subcategory_Outdoor,0.0
subcategory_Pens,0.0
subcategory_Puzzles,0.0
subcategory_Storage,0.0
subcategory_Utensils,0.0
subcategory_Women,0.0
payment_method_Bank Transfer,0.0
payment_method_Cash,0.0
payment_method_Credit Card,0.0
discount_applied,0.0
